model,MAE,RMSE,R2
Linear Regression,1.2748262109549338,1.7052146229349223,0.9059011844150826
Random Forest,0.9031166666666641,1.1799992467040876,0.9549401729316362
